{"IcoMoonType":"selection","icons":[{"icon":{"paths":["M366 708l196-196-196-196 60-60 256 256-256 256z"],"attrs":[],"isMulticolor":false,"isMulticolor2":false,"tags":["keyboard_arrow_right"],"grid":24},"attrs":[],"properties":{"ligatures":"keyboard_arrow_right","id":344,"order":13,"prevSize":24,"code":59652,"name":"keyboard_arrow_right"},"setIdx":0,"setId":4,"iconIdx":344},{"icon":{"paths":["M512 776l136-136 60 60-196 196-196-196 60-60zM512 248l-136 136-60-60 196-196 196 196-60 60z"],"attrs":[{}],"isMulticolor":false,"isMulticolor2":false,"tags":["unfold_more"],"grid":24},"attrs":[{}],"properties":{"order":1,"id":1,"prevSize":24,"code":59648,"name":"unfold_more"},"setIdx":2,"setId":2,"iconIdx":0},{"icon":{"paths":["M708 230l-196 196-196-196 60-60 136 136 136-136zM316 794l196-196 196 196-60 60-136-136-136 136z"],"attrs":[{}],"isMulticolor":false,"isMulticolor2":false,"tags":["unfold_less"],"grid":24},"attrs":[{}],"properties":{"order":4,"id":0,"prevSize":24,"code":59649,"name":"unfold_less"},"setIdx":2,"setId":2,"iconIdx":1},{"icon":{"paths":["M384 928c0 53.019-42.981 96-96 96s-96-42.981-96-96c0-53.019 42.981-96 96-96s96 42.981 96 96z","M1024 928c0 53.019-42.981 96-96 96s-96-42.981-96-96c0-53.019 42.981-96 96-96s96 42.981 96 96z","M1024 512v-384h-768c0-35.346-28.654-64-64-64h-192v64h128l48.074 412.054c-29.294 23.458-48.074 59.5-48.074 99.946 0 70.696 57.308 128 128 128h768v-64h-768c-35.346 0-64-28.654-64-64 0-0.218 0.014-0.436 0.016-0.656l831.984-127.344z"],"tags":["cart","purchase","ecommerce","shopping"],"defaultCode":59706,"grid":16,"attrs":[]},"attrs":[],"properties":{"ligatures":"cart, purchase","name":"cart","order":3,"id":59,"prevSize":32,"code":59706},"setIdx":3,"setId":1,"iconIdx":58}],"height":1024,"metadata":{"name":"icomoon"},"preferences":{"showGlyphs":true,"showQuickUse":true,"showQuickUse2":true,"showSVGs":true,"fontPref":{"prefix":"icon-","metadata":{"fontFamily":"icomoon","majorVersion":1,"minorVersion":0},"metrics":{"emSize":1024,"baseline":6.25,"whitespace":50},"embed":false,"autoHost":false,"showSelector":true,"showMetrics":true,"showMetadata":true},"imagePref":{"prefix":"icon-","png":true,"useClassSelector":true,"color":0,"bgColor":16777215,"classSelector":".icon"},"historySize":50,"showCodes":true,"gridSize":16,"quickUsageToken":{"UntitledProject":"MjQ5ZGE2OGY4NWUzYTIyODhiYmVlOWE3ZmVhYjA4MjgjMSMxNjEwMTA5NDg1IyMj"}}}